{
  "15": {
    "id": "15",
    "name": "media",
    "photo": "fgffgf",
    "director": "jennifer",
    "distribution": {
      "from": "2022-12-20"
    },
    "type": "MOVIE",
    "rating": "4"
  },
  "4567": {
    "id": "4567",
    "name": "snowhite",
    "photo": "gvmvghvmgc",
    "director": "helen",
    "distribution": {
      "from": "2002-09-30"
    },
    "type": "MOVIE",
    "rating": "3",
    "seasons": "",
    "episodes": ""
  },
  "12345": {
    "id": "12345",
    "name": "cindrella",
    "photo": "mhvfgmf",
    "director": "tamer",
    "distribution": {
      "from": "2010-10-20"
    },
    "type": "MOVIE",
    "rating": "4",
    "seasons": "",
    "episodes": ""
  },
  "media3": {
    "id": "media3",
    "name": "hunger game",
    "photo": "1234",
    "director": "helena",
    "distribution": {
      "from": "2022-05-11"
    },
    "type": "SERIES",
    "rating": "4.5",
    "seasons": "3",
    "episodes": "2"
  },
  "media1": {
    "id": "media1",
    "name": "media1",
    "photo": "https://www.movies.com/legends.jpg",
    "director": "jennifer",
    "distribution": {
      "from": "2022-05-12"
    },
    "type": "MOVIE",
    "rating": "4"
  }
}